Workbook

Sheet Лист1
A1: Максимальный показатель | B1: Сумма
A2: 0 | B2: =POWER(2, A2+1)-1 -> 1 | C2: =(POWER(3, A2+1)-1)/2 -> 1
A3: 1 | B3: =POWER(2, A3+1)-1 -> 3 | C3: =(POWER(3, A3+1)-1)/2 -> 4
A4: 2 | B4: =POWER(2, A4+1)-1 -> 7 | C4: =(POWER(3, A4+1)-1)/2 -> 13
A5: 3 | B5: =POWER(2, A5+1)-1 -> 15 | C5: =(POWER(3, A5+1)-1)/2 -> 40
A6: 4 | B6: =POWER(2, A6+1)-1 -> 31 | C6: =(POWER(3, A6+1)-1)/2 -> 121
A7: 5 | B7: =POWER(2, A7+1)-1 -> 63 | C7: =(POWER(3, A7+1)-1)/2 -> 364
A8: 6 | B8: =POWER(2, A8+1)-1 -> 127 | C8: =(POWER(3, A8+1)-1)/2 -> 1093
A9: 7 | B9: =POWER(2, A9+1)-1 -> 255 | C9: =(POWER(3, A9+1)-1)/2 -> 3280
A10: 8 | B10: =POWER(2, A10+1)-1 -> 511 | C10: =(POWER(3, A10+1)-1)/2 -> 9841
A11: 9 | B11: =POWER(2, A11+1)-1 -> 1023 | C11: =(POWER(3, A11+1)-1)/2 -> 29524
A12: 10 | B12: =POWER(2, A12+1)-1 -> 2047 | C12: =(POWER(3, A12+1)-1)/2 -> 88573
A13: 11 | B13: =POWER(2, A13+1)-1 -> 4095 | C13: =(POWER(3, A13+1)-1)/2 -> 265720
... A25: 23 | B25: =POWER(2, A25+1)-1 -> 16777215 | C25: =(POWER(3, A25+1)-1)/2 -> 141214768240

Sheet Лист2
A1: Максимальный показатель | B1: Сумма
A2: 0 | B2: =(POWER(3, A2+1)-1)/2 -> 1
A3: 1 | B3: =(POWER(3, A3+1)-1)/2 -> 4
A4: 2 | B4: =(POWER(3, A4+1)-1)/2 -> 13
A5: 3 | B5: =(POWER(3, A5+1)-1)/2 -> 40
A6: 4 | B6: =(POWER(3, A6+1)-1)/2 -> 121
A7: 5 | B7: =(POWER(3, A7+1)-1)/2 -> 364
A8: 6 | B8: =(POWER(3, A8+1)-1)/2 -> 1093
A9: 7 | B9: =(POWER(3, A9+1)-1)/2 -> 3280
A10: 8 | B10: =(POWER(3, A10+1)-1)/2 -> 9841
A11: 9 | B11: =(POWER(3, A11+1)-1)/2 -> 29524
A12: 10 | B12: =(POWER(3, A12+1)-1)/2 -> 88573
A13: 11 | B13: =(POWER(3, A13+1)-1)/2 -> 265720
... A25: 23 | B25: =(POWER(3, A25+1)-1)/2 -> 141214768240

Sheet Лист3
A1: Максимальный показатель | B1: Сумма для 2 | C1: Сумма для 3
A2: 0 | B2: =VLOOKUP(A2, 'Лист1'!A1:B25, 1, ) -> 0 | C2: =VLOOKUP(A2, 'Лист1'!A1:C25, 3, 0) -> 1
A3: 1 | B3: =VLOOKUP(A3, 'Лист1'!A2:B26, 1, ) -> 1 | C3: =VLOOKUP(A3, 'Лист1'!A2:C26, 3, 0) -> 4
A4: 2 | B4: =VLOOKUP(A4, 'Лист1'!A3:B27, 1, ) -> 2 | C4: =VLOOKUP(A4, 'Лист1'!A3:C27, 3, 0) -> 13
A5: 3 | B5: =VLOOKUP(A5, 'Лист1'!A4:B28, 1, ) -> 3 | C5: =VLOOKUP(A5, 'Лист1'!A4:C28, 3, 0) -> 40
A6: 4 | B6: =VLOOKUP(A6, 'Лист1'!A5:B29, 1, ) -> 4 | C6: =VLOOKUP(A6, 'Лист1'!A5:C29, 3, 0) -> 121
A7: 5 | B7: =VLOOKUP(A7, 'Лист1'!A6:B30, 1, ) -> 5 | C7: =VLOOKUP(A7, 'Лист1'!A6:C30, 3, 0) -> 364
A8: 6 | B8: =VLOOKUP(A8, 'Лист1'!A7:B31, 1, ) -> 6 | C8: =VLOOKUP(A8, 'Лист1'!A7:C31, 3, 0) -> 1093
A9: 7 | B9: =VLOOKUP(A9, 'Лист1'!A8:B32, 1, ) -> 7 | C9: =VLOOKUP(A9, 'Лист1'!A8:C32, 3, 0) -> 3280
A10: 8 | B10: =VLOOKUP(A10, 'Лист1'!A9:B33, 1, ) -> 8 | C10: =VLOOKUP(A10, 'Лист1'!A9:C33, 3, 0) -> 9841
A11: 9 | B11: =VLOOKUP(A11, 'Лист1'!A10:B34, 1, ) -> 9 | C11: =VLOOKUP(A11, 'Лист1'!A10:C34, 3, 0) -> 29524
A12: 10 | B12: =VLOOKUP(A12, 'Лист1'!A11:B35, 1, ) -> 10 | C12: =VLOOKUP(A12, 'Лист1'!A11:C35, 3, 0) -> 88573
A13: 11 | B13: =VLOOKUP(A13, 'Лист1'!A12:B36, 1, ) -> 11 | C13: =VLOOKUP(A13, 'Лист1'!A12:C36, 3, 0) -> 265720
... A25: 23 | B25: =VLOOKUP(A25, 'Лист1'!A24:B48, 1, ) -> 23 | C25: =VLOOKUP(A25, 'Лист1'!A24:C48, 3, 0) -> 141214768240

Sheet Лист4
A1: Статическая функция | B1: Для А(Лист 3) | C1: Для В(Лист 3) | D1: Для С(Лист 3)
A2: Среднее значение | B2: =AVERAGE('Лист3'!A2:A25) -> 11.5 | C2: =AVERAGE('Лист3'!B2:B25) -> 11.5 | D2: =AVERAGE('Лист3'!C2:C25) -> 8.825923e+09
A3: Максимальное значение | B3: =MAX('Лист3'!A2:A25) -> 23 | C3: =MAX('Лист3'!B2:B25) -> 23 | D3: =MAX('Лист3'!C2:C25) -> 141214768240
A4: Минимальное значение | B4: =MIN('Лист3'!A2:A25) -> 0 | C4: =MIN('Лист3'!B2:B25) -> 0 | D4: =MIN('Лист3'!C2:C25) -> 1
A5: Медиана | B5: =MEDIAN('Лист3'!A2:A25) -> 11.5 | C5: =MEDIAN('Лист3'!B2:B25) -> 11.5 | D5: =MEDIAN('Лист3'!C2:C25) -> 531440.5
A6: Мода | B6: =_XLFN.MODE.SNGL('Лист3'!A2:A25) -> #N/A | C6: =_XLFN.MODE.SNGL('Лист3'!B2:B25) -> #N/A | D6: =_XLFN.MODE.SNGL('Лист3'!C2:C25) -> #N/A
A7: Дисперсия | B7: =_XLFN.VAR.S('Лист3'!A2:A25) -> 50 | C7: =_XLFN.VAR.S('Лист3'!B2:B25) -> 50 | D7: =_XLFN.VAR.S('Лист3'!C2:C25) -> 8.9412114e+20

Sheet Лист5
B1: 2021 | C1: 2022 | D1: 2023 | E1: 2024 | F1: 2025 | G1: 2026 | H1: 2027
A2: Колледж 1 | B2: 1510000 | C2: 22366476 | D2: 1934765 | E2: 4543534 | F2: 2348887 | G2: 11700004 | H2: 2344598
A3: Колледж 2 | B3: 237800 | C3: 732647 | D3: 567672 | E3: 234234 | F3: 323217 | G3: 634423 | H3: 235455
A4: Колледж 3 | B4: 3211400 | C4: 4873837 | D4: 3654654 | E4: 3453453 | F4: 5435323 | G4: 4586959 | H4: 8576885
A5: Колледж 4 | B5: 4961201 | C5: 7844962 | D5: 6159094 | E5: 8233225 | F5: 8109432 | G5: 6393392 | H5: 11158945
